server_timestamp_ms,client_id,snapshot_id,seq_num,cpu_percent,recv_time_ms,latency_ms
1765121795431,1,0,0,,,
1765121795431,1,0,,,1765121795444,13
1765121795457,1,1,1,,,
1765121795457,1,1,,,1765121795461,4
1765121795482,1,2,2,,,
1765121795482,1,2,,,1765121795496,14
1765121795508,1,3,3,,,
1765121795508,1,3,,,1765121795512,4
1765121795534,1,4,4,,,
1765121795534,1,4,,,1765121795546,12
1765121795560,1,5,5,,,
1765121795560,1,5,,,1765121795562,2
1765121795585,1,6,6,,,
1765121795585,1,6,,,1765121795594,9
1765121795611,1,7,7,,,
1765121795611,1,7,,,1765121795614,3
1765121795636,1,8,8,,,
1765121795636,1,8,,,1765121795649,13
1765121795662,1,9,9,,,
1765121795662,1,9,,,1765121795664,2
1765121795688,1,10,10,,,
1765121795688,1,10,,,1765121795700,12
1765121795713,1,11,11,,,
1765121795713,1,11,,,1765121795720,7
1765121795738,1,12,12,,,
1765121795738,1,12,,,1765121795751,13
1765121795763,1,13,13,,,
1765121795763,1,13,,,1765121795767,4
1765121795789,1,14,14,,,
1765121795789,1,14,,,1765121795798,9
1765121795815,1,15,15,,,
1765121795815,1,15,,,1765121795830,15
1765121795840,1,16,16,,,
1765121795840,1,16,,,1765121795847,7
1765121795866,1,17,17,,,
1765121795866,1,17,,,1765121795867,1
1765121795892,1,18,18,,,
1765121795892,1,18,,,1765121795908,16
1765121795917,1,19,19,,,
1765121795917,1,19,,,1765121795924,7
1765121795943,1,20,20,,,
1765121795943,1,20,,,1765121795954,11
1765121795968,1,21,21,,,
1765121795968,1,21,,,1765121795970,2
1765121795994,1,22,22,,,
1765121795994,1,22,,,1765121796002,8
1765121796019,1,23,23,,,
1765121796019,1,23,,,1765121796034,15
1765121796044,1,24,24,,,
1765121796044,1,24,,,1765121796050,6
1765121796070,1,25,25,,,
1765121796070,1,25,,,1765121796082,12
1765121796096,1,26,26,,,
1765121796096,1,26,,,1765121796098,2
1765121796122,1,27,27,,,
1765121796122,1,27,,,1765121796130,8
1765121796147,1,28,28,,,
1765121796147,1,28,,,1765121796162,15
1765121796173,1,29,29,,,
1765121796173,1,29,,,1765121796179,6
1765121796198,1,30,30,,,
1765121796198,1,30,,,1765121796211,13
1765121796224,1,31,31,,,
1765121796224,1,31,,,1765121796227,3
1765121796249,1,32,32,,,
1765121796249,1,32,,,1765121796258,9
1765121796275,1,33,33,,,
1765121796275,1,33,,,1765121796289,14
1765121796300,1,34,34,,,
1765121796300,1,34,,,1765121796306,6
1765121796326,1,35,35,,,
1765121796326,1,35,,,1765121796337,11
1765121796351,1,36,36,,,
1765121796351,1,36,,,1765121796353,2
1765121796377,1,37,37,,,
1765121796377,1,37,,,1765121796385,8
1765121796402,1,38,38,,,
1765121796402,1,38,,,1765121796416,14
1765121796428,1,39,39,,,
1765121796428,1,39,,,1765121796432,4
1765121796453,1,40,40,,,
1765121796453,1,40,,,1765121796463,10
1765121796479,1,41,41,,,
1765121796479,1,41,,,1765121796495,16
1765121796504,1,42,42,,,
1765121796504,1,42,,,1765121796512,8
1765121796530,1,43,43,,,
1765121796530,1,43,,,1765121796542,12
1765121796555,1,44,44,,,
1765121796555,1,44,,,1765121796559,4
1765121796581,1,45,45,,,
1765121796581,1,45,,,1765121796592,11
1765121796607,1,46,46,,,
1765121796607,1,46,,,1765121796607,0
1765121796632,1,47,47,,,
1765121796632,1,47,,,1765121796639,7
1765121796658,1,48,48,,,
1765121796658,1,48,,,1765121796670,12
1765121796683,1,49,49,,,
1765121796683,1,49,,,1765121796686,3
1765121796709,1,50,50,,,
1765121796709,1,50,,,1765121796719,10
1765121796735,1,51,51,,,
1765121796735,1,51,,,1765121796751,16
1765121796882,1,52,52,,,
1765121796882,1,52,,,1765121796892,10
1765121796908,1,53,53,,,
1765121796908,1,53,,,1765121796923,15
1765121796933,1,54,54,,,
1765121796933,1,54,,,1765121796939,6
1765121796959,1,55,55,,,
1765121796959,1,55,,,1765121796970,11
1765121796985,1,56,56,,,
1765121796985,1,56,,,1765121797001,16
1765121797011,1,57,57,,,
1765121797011,1,57,,,1765121797016,5
1765121797036,1,58,58,,,
1765121797036,1,58,,,1765121797048,12
1765121797062,1,59,59,,,
1765121797062,1,59,,,1765121797064,2
1765121797087,1,60,60,,,
1765121797087,1,60,,,1765121797097,10
1765121797114,1,61,61,,,
1765121797114,1,61,,,1765121797129,15
1765121797140,1,62,62,,,
1765121797140,1,62,,,1765121797145,5
1765121797166,1,63,63,,,
1765121797166,1,63,,,1765121797175,9
1765121797191,1,64,64,,,
1765121797191,1,64,,,1765121797207,16
1765121797217,1,65,65,,,
1765121797217,1,65,,,1765121797222,5
1765121797242,1,66,66,,,
1765121797242,1,66,,,1765121797254,12
1765121797268,1,67,67,,,
1765121797294,1,68,68,,,
1765121797319,1,69,69,,,
1765121797345,1,70,70,,,
1765121797370,1,71,71,,,
1765121797396,1,72,72,,,
1765121797422,1,73,73,,,
1765121797448,1,74,74,,,
1765121797474,1,75,75,,,
1765121797500,1,76,76,,,
1765121797268,1,67,,,1765121797502,234
1765121797294,1,68,,,1765121797502,208
1765121797319,1,69,,,1765121797502,183
1765121797345,1,70,,,1765121797502,157
1765121797370,1,71,,,1765121797502,132
1765121797396,1,72,,,1765121797502,106
1765121797422,1,73,,,1765121797502,80
1765121797448,1,74,,,1765121797502,54
1765121797474,1,75,,,1765121797502,28
1765121797500,1,76,,,1765121797502,2
1765121797525,1,77,77,,,
1765121797525,1,77,,,1765121797541,16
1765121797551,1,78,78,,,
1765121797551,1,78,,,1765121797572,21
1765121797576,1,79,79,,,
1765121797576,1,79,,,1765121797589,13
1765121797602,1,80,80,,,
1765121797602,1,80,,,1765121797605,3
1765121797628,1,81,81,,,
1765121797628,1,81,,,1765121797636,8
1765121797653,1,82,82,,,
1765121797653,1,82,,,1765121797669,16
1765121797680,1,83,83,,,
1765121797680,1,83,,,1765121797685,5
1765121797705,1,84,84,,,
1765121797705,1,84,,,1765121797716,11
1765121797731,1,85,85,,,
1765121797731,1,85,,,1765121797733,2
1765121797756,1,86,86,,,
1765121797756,1,86,,,1765121797764,8
1765121797782,1,87,87,,,
1765121797782,1,87,,,1765121797795,13
1765121797808,1,88,88,,,
1765121797808,1,88,,,1765121797811,3
1765121797833,1,89,89,,,
1765121797833,1,89,,,1765121797844,11
1765121797858,1,90,90,,,
1765121797858,1,90,,,1765121797859,1
1765121797884,1,91,91,,,
1765121797884,1,91,,,1765121797890,6
1765121797909,1,92,92,,,
1765121797909,1,92,,,1765121797922,13
1765121797934,1,93,93,,,
1765121797934,1,93,,,1765121797938,4
1765121797960,1,94,94,,,
1765121797960,1,94,,,1765121797970,10
1765121797985,1,95,95,,,
1765121797985,1,95,,,1765121797986,1
1765121798010,1,96,96,,,
1765121798010,1,96,,,1765121798017,7
1765121798036,1,97,97,,,
1765121798036,1,97,,,1765121798048,12
1765121798062,1,98,98,,,
1765121798062,1,98,,,1765121798064,2
1765121798088,1,99,99,,,
1765121798088,1,99,,,1765121798096,8
1765121798113,1,100,100,,,
1765121798113,1,100,,,1765121798127,14
1765121798138,1,101,101,,,
1765121798138,1,101,,,1765121798142,4
1765121798164,1,102,102,,,
1765121798164,1,102,,,1765121798174,10
1765121798189,1,103,103,,,
1765121798189,1,103,,,1765121798190,1
1765121798215,1,104,104,,,
1765121798215,1,104,,,1765121798221,6
1765121798241,1,105,105,,,
1765121798241,1,105,,,1765121798253,12
1765121798266,1,106,106,,,
1765121798266,1,106,,,1765121798269,3
1765121798291,1,107,107,,,
1765121798291,1,107,,,1765121798302,11
1765121798317,1,108,108,,,
1765121798317,1,108,,,1765121798318,1
1765121798343,1,109,109,,,
1765121798343,1,109,,,1765121798349,6
1765121798369,1,110,110,,,
1765121798369,1,110,,,1765121798380,11
1765121798394,1,111,111,,,
1765121798394,1,111,,,1765121798395,1
1765121798419,1,112,112,,,
1765121798419,1,112,,,1765121798427,8
1765121798445,1,113,113,,,
1765121798445,1,113,,,1765121798458,13
1765121798471,1,114,114,,,
1765121798471,1,114,,,1765121798473,2
1765121798497,1,115,115,,,
1765121798497,1,115,,,1765121798506,9
1765121798522,1,116,116,,,
1765121798522,1,116,,,1765121798522,0
1765121798548,1,117,117,,,
1765121798548,1,117,,,1765121798554,6
1765121798574,1,118,118,,,
1765121798574,1,118,,,1765121798585,11
1765121798599,1,119,119,,,
1765121798599,1,119,,,1765121798601,2
1765121798625,1,120,120,,,
1765121798625,1,120,,,1765121798632,7
1765121798650,1,121,121,,,
1765121798650,1,121,,,1765121798664,14
1765121798676,1,122,122,,,
1765121798676,1,122,,,1765121798679,3
1765121798701,1,123,123,,,
1765121798701,1,123,,,1765121798725,24
1765121798727,1,124,124,,,
1765121798727,1,124,,,1765121798741,14
1765121798753,1,125,125,,,
1765121798753,1,125,,,1765121798757,4
1765121798778,1,126,126,,,
1765121798778,1,126,,,1765121798789,11
1765121798804,1,127,127,,,
1765121798804,1,127,,,1765121798805,1
1765121798830,1,128,128,,,
1765121798830,1,128,,,1765121798834,4
1765121798856,1,129,129,,,
1765121798856,1,129,,,1765121798866,10
1765121798882,1,130,130,,,
1765121798882,1,130,,,1765121798898,16
1765121798908,1,131,131,,,
1765121798908,1,131,,,1765121798914,6
1765121798934,1,132,132,,,
1765121798934,1,132,,,1765121798946,12
1765121798960,1,133,133,,,
1765121798960,1,133,,,1765121798962,2
1765121798985,1,134,134,,,
1765121798985,1,134,,,1765121798993,8
1765121799011,1,135,135,,,
1765121799011,1,135,,,1765121799024,13
1765121799037,1,136,136,,,
1765121799037,1,136,,,1765121799040,3
1765121799062,1,137,137,,,
1765121799062,1,137,,,1765121799072,10
1765121799088,1,138,138,,,
1765121799088,1,138,,,1765121799088,0
1765121799113,1,139,139,,,
1765121799113,1,139,,,1765121799119,6
1765121799139,1,140,140,,,
1765121799139,1,140,,,1765121799152,13
1765121799165,1,141,141,,,
1765121799165,1,141,,,1765121799183,18
1765121799190,1,142,142,,,
1765121799190,1,142,,,1765121799199,9
1765121799216,1,143,143,,,
1765121799216,1,143,,,1765121799232,16
1765121799241,1,144,144,,,
1765121799241,1,144,,,1765121799247,6
1765121799267,1,145,145,,,
1765121799267,1,145,,,1765121799279,12
1765121799293,1,146,146,,,
1765121799293,1,146,,,1765121799294,1
1765121799319,1,147,147,,,
1765121799319,1,147,,,1765121799326,7
1765121799345,1,148,148,,,
1765121799345,1,148,,,1765121799359,14
1765121799370,1,149,149,,,
1765121799370,1,149,,,1765121799376,6
1765121799396,1,150,150,,,
1765121799396,1,150,,,1765121799407,11
1765121799422,1,151,151,,,
1765121799422,1,151,,,1765121799423,1
1765121799448,1,152,152,,,
1765121799448,1,152,,,1765121799455,7
1765121799474,1,153,153,,,
1765121799474,1,153,,,1765121799487,13
1765121799500,1,154,154,,,
1765121799500,1,154,,,1765121799503,3
1765121799525,1,155,155,,,
1765121799525,1,155,,,1765121799534,9
1765121799551,1,156,156,,,
1765121799551,1,156,,,1765121799565,14
1765121799576,1,157,157,,,
1765121799576,1,157,,,1765121799581,5
1765121799603,1,158,158,,,
1765121799603,1,158,,,1765121799613,10
1765121799629,1,159,159,,,
1765121799629,1,159,,,1765121799645,16
1765121799655,1,160,160,,,
1765121799655,1,160,,,1765121799675,20
1765121799680,1,161,161,,,
1765121799680,1,161,,,1765121799691,11
1765121799706,1,162,162,,,
1765121799706,1,162,,,1765121799707,1
1765121799732,1,163,163,,,
1765121799732,1,163,,,1765121799739,7
1765121799758,1,164,164,,,
1765121799758,1,164,,,1765121799772,14
1765121799784,1,165,165,,,
1765121799784,1,165,,,1765121799788,4
1765121799809,1,166,166,,,
1765121799809,1,166,,,1765121799819,10
1765121799835,1,167,167,,,
1765121799835,1,167,,,1765121799850,15
1765121799860,1,168,168,,,
1765121799860,1,168,,,1765121799867,7
1765121799886,1,169,169,,,
1765121799886,1,169,,,1765121799899,13
1765121799912,1,170,170,,,
1765121799912,1,170,,,1765121799915,3
1765121799938,1,171,171,,,
1765121799938,1,171,,,1765121799947,9
1765121799964,1,172,172,,,
1765121799964,1,172,,,1765121799976,12
1765121799990,1,173,173,,,
1765121799990,1,173,,,1765121799992,2
1765121800016,1,174,174,,,
1765121800016,1,174,,,1765121800024,8
1765121800042,1,175,175,,,
1765121800042,1,175,,,1765121800055,13
1765121800068,1,176,176,,,
1765121800068,1,176,,,1765121800071,3
1765121800093,1,177,177,,,
1765121800093,1,177,,,1765121800104,11
1765121800119,1,178,178,,,
1765121800119,1,178,,,1765121800135,16
1765121800145,1,179,179,,,
1765121800145,1,179,,,1765121800151,6
1765121800170,1,180,180,,,
1765121800170,1,180,,,1765121800184,14
1765121800196,1,181,181,,,
1765121800196,1,181,,,1765121800200,4
1765121800222,1,182,182,,,
1765121800222,1,182,,,1765121800231,9
1765121800247,1,183,183,,,
1765121800247,1,183,,,1765121800262,15
1765121800273,1,184,184,,,
1765121800273,1,184,,,1765121800277,4
1765121800298,1,185,185,,,
1765121800298,1,185,,,1765121800308,10
1765121800324,1,186,186,,,
1765121800324,1,186,,,1765121800340,16
1765121800350,1,187,187,,,
1765121800350,1,187,,,1765121800356,6
1765121800376,1,188,188,,,
1765121800376,1,188,,,1765121800388,12
1765121800401,1,189,189,,,
1765121800401,1,189,,,1765121800404,3
1765121800427,1,190,190,,,
1765121800427,1,190,,,1765121800433,6
1765121800453,1,191,191,,,
1765121800453,1,191,,,1765121800466,13
1765121800478,1,192,192,,,
1765121800478,1,192,,,1765121800482,4
1765121800504,1,193,193,,,
1765121800504,1,193,,,1765121800513,9
1765121800529,1,194,194,,,
1765121800529,1,194,,,1765121800544,15
1765121800554,1,195,195,,,
1765121800554,1,195,,,1765121800559,5
1765121800580,1,196,196,,,
1765121800580,1,196,,,1765121800591,11
1765121800605,1,197,197,,,
1765121800605,1,197,,,1765121800608,3
1765121800631,1,198,198,,,
1765121800631,1,198,,,1765121800639,8
1765121800657,1,199,199,,,
1765121800657,1,199,,,1765121800672,15
1765121800682,1,200,200,,,
1765121800682,1,200,,,1765121800687,5
1765121800708,1,201,201,,,
1765121800733,1,202,202,,,
1765121800708,1,201,,,1765121800732,24
1765121800733,1,202,,,1765121800749,16
1765121800759,1,203,203,,,
1765121800759,1,203,,,1765121800764,5
1765121800785,1,204,204,,,
1765121800785,1,204,,,1765121800795,10
1765121800810,1,205,205,,,
1765121800810,1,205,,,1765121800811,1
1765121800836,1,206,206,,,
1765121800836,1,206,,,1765121800845,9
1765121800861,1,207,207,,,
1765121800861,1,207,,,1765121800877,16
1765121800887,1,208,208,,,
1765121800887,1,208,,,1765121800894,7
1765121800913,1,209,209,,,
1765121800913,1,209,,,1765121800925,12
1765121800938,1,210,210,,,
1765121800938,1,210,,,1765121800940,2
1765121800963,1,211,211,,,
1765121800963,1,211,,,1765121800971,8
1765121800989,1,212,212,,,
1765121800989,1,212,,,1765121801003,14
1765121801014,1,213,213,,,
1765121801014,1,213,,,1765121801019,5
1765121801039,1,214,214,,,
1765121801039,1,214,,,1765121801051,12
1765121801065,1,215,215,,,
1765121801065,1,215,,,1765121801067,2
1765121801090,1,216,216,,,
1765121801090,1,216,,,1765121801099,9
1765121801116,1,217,217,,,
1765121801116,1,217,,,1765121801132,16
1765121801142,1,218,218,,,
1765121801142,1,218,,,1765121801148,6
1765121801167,1,219,219,,,
1765121801167,1,219,,,1765121801180,13
1765121801193,1,220,220,,,
1765121801193,1,220,,,1765121801196,3
1765121801219,1,221,221,,,
1765121801219,1,221,,,1765121801226,7
1765121801244,1,222,222,,,
1765121801244,1,222,,,1765121801257,13
1765121801270,1,223,223,,,
1765121801270,1,223,,,1765121801273,3
1765121801295,1,224,224,,,
1765121801295,1,224,,,1765121801304,9
1765121801321,1,225,225,,,
1765121801321,1,225,,,1765121801335,14
1765121801347,1,226,226,,,
1765121801347,1,226,,,1765121801351,4
1765121801372,1,227,227,,,
1765121801372,1,227,,,1765121801383,11
1765121801398,1,228,228,,,
1765121801398,1,228,,,1765121801413,15
1765121801424,1,229,229,,,
1765121801424,1,229,,,1765121801429,5
1765121801450,1,230,230,,,
1765121801450,1,230,,,1765121801462,12
1765121801475,1,231,231,,,
1765121801475,1,231,,,1765121801479,4
1765121801501,1,232,232,,,
1765121801501,1,232,,,1765121801511,10
1765121801526,1,233,233,,,
1765121801526,1,233,,,1765121801541,15
1765121801552,1,234,234,,,
1765121801552,1,234,,,1765121801556,4
1765121801577,1,235,235,,,
1765121801577,1,235,,,1765121801589,12
1765121801603,1,236,236,,,
1765121801603,1,236,,,1765121801604,1
1765121801628,1,237,237,,,
1765121801628,1,237,,,1765121801638,10
1765121801655,1,238,238,,,
1765121801655,1,238,,,1765121801670,15
1765121801681,1,239,239,,,
1765121801681,1,239,,,1765121801687,6
1765121801707,1,240,240,,,
1765121801707,1,240,,,1765121801717,10
1765121801732,1,241,241,,,
1765121801732,1,241,,,1765121801748,16
1765121801758,1,242,242,,,
1765121801758,1,242,,,1765121801763,5
1765121801783,1,243,243,,,
1765121801783,1,243,,,1765121801795,12
1765121801809,1,244,244,,,
1765121801809,1,244,,,1765121801811,2
1765121801835,1,245,245,,,
1765121801835,1,245,,,1765121801843,8
1765121801860,1,246,246,,,
1765121801860,1,246,,,1765121801874,14
1765121801886,1,247,247,,,
1765121801886,1,247,,,1765121801891,5
1765121801911,1,248,248,,,
1765121801911,1,248,,,1765121801923,12
1765121801937,1,249,249,,,
1765121801937,1,249,,,1765121801939,2
1765121801962,1,250,250,,,
1765121801962,1,250,,,1765121801971,9
1765121801988,1,251,251,,,
1765121801988,1,251,,,1765121802003,15
1765121802014,1,252,252,,,
1765121802014,1,252,,,1765121802019,5
1765121802039,1,253,253,,,
1765121802039,1,253,,,1765121802051,12
1765121802065,1,254,254,,,
1765121802065,1,254,,,1765121802066,1
1765121802091,1,255,255,,,
1765121802091,1,255,,,1765121802098,7
1765121802116,1,256,256,,,
1765121802116,1,256,,,1765121802131,15
1765121802142,1,257,257,,,
1765121802142,1,257,,,1765121802147,5
1765121802168,1,258,258,,,
1765121802168,1,258,,,1765121802179,11
1765121802194,1,259,259,,,
1765121802194,1,259,,,1765121802194,0
1765121802220,1,260,260,,,
1765121802220,1,260,,,1765121802224,4
1765121802245,1,261,261,,,
1765121802245,1,261,,,1765121802256,11
1765121802271,1,262,262,,,
1765121802271,1,262,,,1765121802272,1
1765121802297,1,263,263,,,
1765121802297,2,263,263,,,
1765121802297,1,263,,,1765121802303,6
1765121802323,1,264,264,,,
1765121802323,2,264,264,,,
1765121802297,2,263,,,1765121802339,42
1765121802323,2,264,,,1765121802339,16
1765121802349,1,265,265,,,
1765121802349,2,265,265,,,
1765121802323,1,264,,,1765121802349,26
1765121802349,1,265,,,1765121802349,0
1765121802349,2,265,,,1765121802356,7
1765121802375,1,266,266,,,
1765121802375,2,266,266,,,
1765121802375,2,266,,,1765121802380,5
1765121802375,1,266,,,1765121802380,5
1765121802400,1,267,267,,,
1765121802400,2,267,267,,,
1765121802400,2,267,,,1765121802412,12
1765121802400,1,267,,,1765121802412,12
1765121802426,1,268,268,,,
1765121802426,2,268,268,,,
1765121802426,1,268,,,1765121802428,2
1765121802426,2,268,,,1765121802428,2
1765121802451,1,269,269,,,
1765121802451,2,269,269,,,
1765121802451,2,269,,,1765121802458,7
1765121802451,1,269,,,1765121802458,7
1765121802477,1,270,270,,,
1765121802477,2,270,270,,,
1765121802477,2,270,,,1765121802491,14
1765121802477,1,270,,,1765121802491,14
1765121802504,1,271,271,,,
1765121802504,2,271,271,,,
1765121802504,2,271,,,1765121802506,2
1765121802504,1,271,,,1765121802507,3
1765121802529,1,272,272,,,
1765121802529,2,272,272,,,
1765121802529,1,272,,,1765121802540,11
1765121802529,2,272,,,1765121802541,12
1765121802556,1,273,273,,,
1765121802556,2,273,273,,,
1765121802556,1,273,,,1765121802556,0
1765121802556,2,273,,,1765121802570,14
1765121802582,1,274,274,,,
1765121802582,2,274,274,,,
1765121802582,2,274,,,1765121802586,4
1765121802582,1,274,,,1765121802601,19
1765121802608,1,275,275,,,
1765121802608,2,275,275,,,
1765121802608,2,275,,,1765121802617,9
1765121802608,1,275,,,1765121802617,9
1765121802634,1,276,276,,,
1765121802634,2,276,276,,,
1765121802634,1,276,,,1765121802649,15
1765121802634,2,276,,,1765121802649,15
1765121802660,1,277,277,,,
1765121802660,2,277,277,,,
1765121802660,1,277,,,1765121802665,5
1765121802660,2,277,,,1765121802665,5
1765121802686,1,278,278,,,
1765121802686,2,278,278,,,
1765121802686,1,278,,,1765121802695,9
1765121802686,2,278,,,1765121802696,10
1765121802713,1,279,279,,,
1765121802713,2,279,279,,,
1765121802713,2,279,,,1765121802727,14
1765121802713,1,279,,,1765121802728,15
1765121802738,1,280,280,,,
1765121802738,2,280,280,,,
1765121802738,2,280,,,1765121802743,5
1765121802738,1,280,,,1765121802743,5
1765121802764,1,281,281,,,
1765121802764,2,281,281,,,
1765121802764,2,281,,,1765121802774,10
1765121802764,1,281,,,1765121802774,10
1765121802790,1,282,282,,,
1765121802790,2,282,282,,,
1765121802790,1,282,,,1765121802806,16
1765121802790,2,282,,,1765121802806,16
1765121802816,1,283,283,,,
1765121802816,2,283,283,,,
1765121802816,2,283,,,1765121802821,5
1765121802816,1,283,,,1765121802821,5
1765121802841,1,284,284,,,
1765121802841,2,284,284,,,
1765121802841,2,284,,,1765121802852,11
1765121802841,1,284,,,1765121802852,11
1765121802867,1,285,285,,,
1765121802867,2,285,285,,,
1765121802867,2,285,,,1765121802868,1
1765121802867,1,285,,,1765121802868,1
1765121802892,1,286,286,,,
1765121802892,2,286,286,,,
1765121802892,2,286,,,1765121802898,6
1765121802892,1,286,,,1765121802899,7
1765121802918,1,287,287,,,
1765121802918,2,287,287,,,
1765121802918,2,287,,,1765121802931,13
1765121802918,1,287,,,1765121802931,13
1765121802943,1,288,288,,,
1765121802943,2,288,288,,,
1765121802943,2,288,,,1765121802946,3
1765121802943,1,288,,,1765121802946,3
1765121802969,1,289,289,,,
1765121802969,2,289,289,,,
1765121802969,1,289,,,1765121802978,9
1765121802969,2,289,,,1765121802978,9
1765121802995,1,290,290,,,
1765121802995,2,290,290,,,
1765121802995,1,290,,,1765121803009,14
1765121802995,2,290,,,1765121803012,17
1765121803021,1,291,291,,,
1765121803021,2,291,291,,,
1765121803021,2,291,,,1765121803032,11
1765121803021,1,291,,,1765121803040,19
1765121803047,1,292,292,,,
1765121803047,2,292,292,,,
1765121803047,1,292,,,1765121803057,10
1765121803047,2,292,,,1765121803067,20
1765121803072,1,293,293,,,
1765121803072,2,293,293,,,
1765121803072,2,293,,,1765121803082,10
1765121803072,1,293,,,1765121803087,15
1765121803098,1,294,294,,,
1765121803098,2,294,294,,,
1765121803098,2,294,,,1765121803104,6
1765121803098,1,294,,,1765121803104,6
1765121803123,1,295,295,,,
1765121803123,2,295,295,,,
1765121803123,2,295,,,1765121803135,12
1765121803123,1,295,,,1765121803135,12
1765121803149,1,296,296,,,
1765121803149,2,296,296,,,
1765121803149,1,296,,,1765121803151,2
1765121803149,2,296,,,1765121803151,2
1765121803174,1,297,297,,,
1765121803174,2,297,297,,,
1765121803174,2,297,,,1765121803183,9
1765121803174,1,297,,,1765121803183,9
1765121803200,1,298,298,,,
1765121803200,2,298,298,,,
1765121803200,2,298,,,1765121803214,14
1765121803200,1,298,,,1765121803216,16
1765121803225,1,299,299,,,
1765121803225,2,299,299,,,
1765121803225,2,299,,,1765121803229,4
1765121803225,1,299,,,1765121803232,7
1765121803251,1,300,300,,,
1765121803251,2,300,300,,,
1765121803251,2,300,,,1765121803263,12
1765121803251,1,300,,,1765121803263,12
1765121803277,1,301,301,,,
1765121803277,2,301,301,,,
1765121803277,2,301,,,1765121803278,1
1765121803277,1,301,,,1765121803279,2
1765121803302,1,302,302,,,
1765121803302,2,302,302,,,
1765121803302,2,302,,,1765121803311,9
1765121803302,1,302,,,1765121803311,9
1765121803328,1,303,303,,,
1765121803328,2,303,303,,,
1765121803328,2,303,,,1765121803342,14
1765121803328,1,303,,,1765121803342,14
1765121803353,1,304,304,,,
1765121803353,2,304,304,,,
1765121803353,2,304,,,1765121803359,6
1765121803353,1,304,,,1765121803359,6
1765121803379,1,305,305,,,
1765121803379,2,305,305,,,
1765121803379,1,305,,,1765121803390,11
1765121803379,2,305,,,1765121803391,12
1765121803405,1,306,306,,,
1765121803405,2,306,306,,,
1765121803405,1,306,,,1765121803406,1
1765121803405,2,306,,,1765121803406,1
1765121803430,1,307,307,,,
1765121803430,2,307,307,,,
1765121803430,1,307,,,1765121803437,7
1765121803430,2,307,,,1765121803437,7
1765121803456,1,308,308,,,
1765121803456,2,308,308,,,
1765121803456,2,308,,,1765121803468,12
1765121803456,1,308,,,1765121803469,13
1765121803481,1,309,309,,,
1765121803481,2,309,309,,,
1765121803481,2,309,,,1765121803485,4
1765121803481,1,309,,,1765121803485,4
1765121803507,1,310,310,,,
1765121803507,2,310,310,,,
1765121803507,2,310,,,1765121803516,9
1765121803507,1,310,,,1765121803517,10
1765121803532,1,311,311,,,
1765121803532,2,311,311,,,
1765121803532,2,311,,,1765121803548,16
1765121803532,1,311,,,1765121803548,16
1765121803558,1,312,312,,,
1765121803558,2,312,312,,,
1765121803558,2,312,,,1765121803564,6
1765121803558,1,312,,,1765121803564,6
1765121803584,1,313,313,,,
1765121803584,2,313,313,,,
1765121803584,2,313,,,1765121803594,10
1765121803584,1,313,,,1765121803595,11
1765121803610,1,314,314,,,
1765121803610,2,314,314,,,
1765121803610,2,314,,,1765121803611,1
1765121803610,1,314,,,1765121803611,1
1765121803636,1,315,315,,,
1765121803636,2,315,315,,,
1765121803636,2,315,,,1765121803641,5
1765121803636,1,315,,,1765121803657,21
1765121803662,1,316,316,,,
1765121803662,2,316,316,,,
1765121803662,2,316,,,1765121803672,10
1765121803662,1,316,,,1765121803673,11
1765121803688,1,317,317,,,
1765121803688,2,317,317,,,
1765121803688,1,317,,,1765121803688,0
1765121803688,2,317,,,1765121803704,16
1765121803714,1,318,318,,,
1765121803714,2,318,318,,,
1765121803714,2,318,,,1765121803720,6
1765121803714,1,318,,,1765121803720,6
1765121803740,1,319,319,,,
1765121803740,2,319,319,,,
1765121803740,1,319,,,1765121803752,12
1765121803740,2,319,,,1765121803752,12
1765121803766,1,320,320,,,
1765121803766,2,320,320,,,
1765121803766,2,320,,,1765121803768,2
1765121803766,1,320,,,1765121803783,17
1765121803793,1,321,321,,,
1765121803793,2,321,321,,,
1765121803793,2,321,,,1765121803797,4
1765121803793,1,321,,,1765121803813,20
1765121803818,1,322,322,,,
1765121803818,2,322,322,,,
1765121803818,2,322,,,1765121803828,10
1765121803818,1,322,,,1765121803829,11
1765121803844,1,323,323,,,
1765121803844,2,323,323,,,
1765121803844,2,323,,,1765121803861,17
1765121803844,1,323,,,1765121803861,17
1765121803870,1,324,324,,,
1765121803870,2,324,324,,,
1765121803870,2,324,,,1765121803877,7
1765121803870,1,324,,,1765121803877,7
1765121803896,1,325,325,,,
1765121803896,2,325,325,,,
1765121803896,2,325,,,1765121803909,13
1765121803896,1,325,,,1765121803909,13
1765121803921,1,326,326,,,
1765121803921,2,326,326,,,
1765121803921,2,326,,,1765121803926,5
1765121803921,1,326,,,1765121803926,5
1765121803947,1,327,327,,,
1765121803947,2,327,327,,,
1765121803947,2,327,,,1765121803958,11
1765121803947,1,327,,,1765121803958,11
1765121803973,1,328,328,,,
1765121803973,2,328,328,,,
1765121803973,1,328,,,1765121803974,1
1765121803973,2,328,,,1765121803974,1
1765121803999,1,329,329,,,
1765121803999,2,329,329,,,
1765121803999,1,329,,,1765121804007,8
1765121803999,2,329,,,1765121804007,8
1765121804025,1,330,330,,,
1765121804025,2,330,330,,,
1765121804051,1,331,331,,,
1765121804051,2,331,331,,,
1765121804025,2,330,,,1765121804053,28
1765121804051,2,331,,,1765121804054,3
1765121804025,1,330,,,1765121804055,30
1765121804051,1,331,,,1765121804055,4
1765121804076,1,332,332,,,
1765121804076,2,332,332,,,
1765121804076,1,332,,,1765121804086,10
1765121804076,2,332,,,1765121804086,10
1765121804103,1,333,333,,,
1765121804103,2,333,333,,,
1765121804103,2,333,,,1765121804119,16
1765121804103,1,333,,,1765121804119,16
1765121804129,1,334,334,,,
1765121804129,2,334,334,,,
1765121804129,1,334,,,1765121804135,6
1765121804129,2,334,,,1765121804135,6
1765121804155,1,335,335,,,
1765121804155,2,335,335,,,
1765121804155,2,335,,,1765121804167,12
1765121804155,1,335,,,1765121804167,12
1765121804181,1,336,336,,,
1765121804181,2,336,336,,,
1765121804181,2,336,,,1765121804184,3
1765121804181,1,336,,,1765121804184,3
1765121804206,1,337,337,,,
1765121804206,2,337,337,,,
1765121804206,1,337,,,1765121804217,11
1765121804206,2,337,,,1765121804217,11
1765121804232,1,338,338,,,
1765121804232,2,338,338,,,
1765121804232,2,338,,,1765121804232,0
1765121804232,1,338,,,1765121804232,0
1765121804258,1,339,339,,,
1765121804258,2,339,339,,,
1765121804258,2,339,,,1765121804263,5
1765121804258,1,339,,,1765121804263,5
1765121804283,1,340,340,,,
1765121804283,2,340,340,,,
1765121804283,2,340,,,1765121804294,11
1765121804283,1,340,,,1765121804294,11
1765121804309,1,341,341,,,
1765121804309,2,341,341,,,
1765121804309,2,341,,,1765121804325,16
1765121804309,1,341,,,1765121804325,16
1765121804335,1,342,342,,,
1765121804335,2,342,342,,,
1765121804335,2,342,,,1765121804342,7
1765121804335,1,342,,,1765121804342,7
1765121804360,1,343,343,,,
1765121804360,2,343,343,,,
1765121804360,2,343,,,1765121804374,14
1765121804360,1,343,,,1765121804374,14
1765121804386,1,344,344,,,
1765121804386,2,344,344,,,
1765121804386,2,344,,,1765121804391,5
1765121804386,1,344,,,1765121804391,5
1765121804413,1,345,345,,,
1765121804413,2,345,345,,,
1765121804413,2,345,,,1765121804422,9
1765121804413,1,345,,,1765121804422,9
1765121804438,1,346,346,,,
1765121804438,2,346,346,,,
1765121804438,2,346,,,1765121804455,17
1765121804438,1,346,,,1765121804455,17
1765121804464,1,347,347,,,
1765121804464,2,347,347,,,
1765121804464,2,347,,,1765121804471,7
1765121804464,1,347,,,1765121804471,7
1765121804490,1,348,348,,,
1765121804490,2,348,348,,,
1765121804490,2,348,,,1765121804502,12
1765121804490,1,348,,,1765121804502,12
1765121804515,1,349,349,,,
1765121804515,2,349,349,,,
1765121804515,2,349,,,1765121804519,4
1765121804515,1,349,,,1765121804519,4
1765121804541,1,350,350,,,
1765121804541,2,350,350,,,
1765121804541,2,350,,,1765121804551,10
1765121804541,1,350,,,1765121804551,10
1765121804567,1,351,351,,,
1765121804567,2,351,351,,,
1765121804567,2,351,,,1765121804583,16
1765121804567,1,351,,,1765121804583,16
1765121804593,1,352,352,,,
1765121804593,2,352,352,,,
1765121804593,2,352,,,1765121804598,5
1765121804593,1,352,,,1765121804599,6
1765121804619,1,353,353,,,
1765121804619,2,353,353,,,
1765121804619,1,353,,,1765121804629,10
1765121804619,2,353,,,1765121804629,10
1765121804645,1,354,354,,,
1765121804645,2,354,354,,,
1765121804645,2,354,,,1765121804660,15
1765121804645,1,354,,,1765121804660,15
1765121804671,1,355,355,,,
1765121804671,2,355,355,,,
1765121804671,2,355,,,1765121804675,4
1765121804671,1,355,,,1765121804676,5
1765121804697,1,356,356,,,
1765121804697,2,356,356,,,
1765121804697,2,356,,,1765121804707,10
1765121804697,1,356,,,1765121804707,10
1765121804722,1,357,357,,,
1765121804722,2,357,357,,,
1765121804722,2,357,,,1765121804739,17
1765121804722,1,357,,,1765121804739,17
1765121804748,1,358,358,,,
1765121804748,2,358,358,,,
1765121804748,2,358,,,1765121804755,7
1765121804748,1,358,,,1765121804755,7
1765121804774,1,359,359,,,
1765121804774,2,359,359,,,
1765121804774,2,359,,,1765121804787,13
1765121804774,1,359,,,1765121804787,13
1765121804799,1,360,360,,,
1765121804799,2,360,360,,,
1765121804799,2,360,,,1765121804803,4
1765121804799,1,360,,,1765121804803,4
1765121804825,1,361,361,,,
1765121804825,2,361,361,,,
1765121804825,1,361,,,1765121804834,9
1765121804825,2,361,,,1765121804834,9
1765121804850,1,362,362,,,
1765121804850,2,362,362,,,
1765121804850,1,362,,,1765121804864,14
1765121804850,2,362,,,1765121804865,15
1765121804876,1,363,363,,,
1765121804876,2,363,363,,,
1765121804876,2,363,,,1765121804881,5
1765121804876,1,363,,,1765121804881,5
1765121804902,1,364,364,,,
1765121804902,2,364,364,,,
1765121804902,1,364,,,1765121804914,12
1765121804902,2,364,,,1765121804914,12
1765121804927,1,365,365,,,
1765121804927,2,365,365,,,
1765121804927,2,365,,,1765121804930,3
1765121804927,1,365,,,1765121804930,3
1765121804952,1,366,366,,,
1765121804952,2,366,366,,,
1765121804952,1,366,,,1765121804962,10
1765121804952,2,366,,,1765121804962,10
1765121804979,1,367,367,,,
1765121804979,2,367,367,,,
1765121804979,2,367,,,1765121804994,15
1765121804979,1,367,,,1765121804995,16
1765121805004,1,368,368,,,
1765121805004,2,368,368,,,
1765121805004,2,368,,,1765121805010,6
1765121805004,1,368,,,1765121805010,6
1765121805030,1,369,369,,,
1765121805030,2,369,369,,,
1765121805056,1,370,370,,,
1765121805056,2,370,370,,,
1765121805030,2,369,,,1765121805057,27
1765121805056,2,370,,,1765121805057,1
1765121805030,1,369,,,1765121805058,28
1765121805056,1,370,,,1765121805058,2
1765121805082,1,371,371,,,
1765121805082,2,371,371,,,
1765121805082,2,371,,,1765121805090,8
1765121805082,1,371,,,1765121805090,8
1765121805107,1,372,372,,,
1765121805107,2,372,372,,,
1765121805107,1,372,,,1765121805122,15
1765121805107,2,372,,,1765121805122,15
1765121805133,1,373,373,,,
1765121805133,2,373,373,,,
1765121805133,2,373,,,1765121805138,5
1765121805133,1,373,,,1765121805138,5
1765121805158,1,374,374,,,
1765121805158,2,374,374,,,
1765121805158,2,374,,,1765121805171,13
1765121805158,1,374,,,1765121805171,13
1765121805184,1,375,375,,,
1765121805184,2,375,375,,,
1765121805184,2,375,,,1765121805187,3
1765121805184,1,375,,,1765121805187,3
1765121805210,1,376,376,,,
1765121805210,2,376,376,,,
1765121805210,1,376,,,1765121805219,9
1765121805210,2,376,,,1765121805219,9
1765121805236,1,377,377,,,
1765121805236,2,377,377,,,
1765121805236,1,377,,,1765121805251,15
1765121805236,2,377,,,1765121805252,16
1765121805261,1,378,378,,,
1765121805261,2,378,378,,,
1765121805261,1,378,,,1765121805267,6
1765121805261,2,378,,,1765121805283,22
1765121805287,1,379,379,,,
1765121805287,2,379,379,,,
1765121805287,1,379,,,1765121805299,12
1765121805287,2,379,,,1765121805299,12
1765121805312,1,380,380,,,
1765121805312,2,380,380,,,
1765121805312,1,380,,,1765121805315,3
1765121805312,2,380,,,1765121805315,3
1765121805338,1,381,381,,,
1765121805338,2,381,381,,,
1765121805338,2,381,,,1765121805346,8
1765121805338,1,381,,,1765121805346,8
1765121805363,1,382,382,,,
1765121805363,2,382,382,,,
1765121805363,2,382,,,1765121805376,13
1765121805363,1,382,,,1765121805376,13
1765121805389,1,383,383,,,
1765121805389,2,383,383,,,
1765121805389,2,383,,,1765121805392,3
1765121805389,1,383,,,1765121805393,4
1765121805414,1,384,384,,,
1765121805414,2,384,384,,,
1765121805414,1,384,,,1765121805424,10
1765121805414,2,384,,,1765121805424,10
1765121805440,1,385,385,,,
1765121805440,2,385,385,,,
1765121805440,1,385,,,1765121805440,0
1765121805440,2,385,,,1765121805456,16
1765121805466,1,386,386,,,
1765121805466,2,386,386,,,
1765121805466,1,386,,,1765121805471,5
1765121805466,2,386,,,1765121805471,5
1765121805491,1,387,387,,,
1765121805491,2,387,387,,,
1765121805491,1,387,,,1765121805503,12
1765121805491,2,387,,,1765121805503,12
1765121805517,1,388,388,,,
1765121805517,2,388,388,,,
1765121805517,2,388,,,1765121805518,1
1765121805517,1,388,,,1765121805519,2
1765121805542,1,389,389,,,
1765121805542,2,389,389,,,
1765121805542,2,389,,,1765121805549,7
1765121805542,1,389,,,1765121805549,7
1765121805567,1,390,390,,,
1765121805567,2,390,390,,,
1765121805567,2,390,,,1765121805581,14
1765121805567,1,390,,,1765121805581,14
1765121805593,1,391,391,,,
1765121805593,2,391,391,,,
1765121805593,2,391,,,1765121805597,4
1765121805593,1,391,,,1765121805597,4
1765121805619,1,392,392,,,
1765121805619,2,392,392,,,
1765121805619,2,392,,,1765121805628,9
1765121805619,1,392,,,1765121805628,9
1765121805645,1,393,393,,,
1765121805645,2,393,393,,,
1765121805645,2,393,,,1765121805647,2
1765121805645,1,393,,,1765121805647,2
1765121805672,1,394,394,,,
1765121805672,2,394,394,,,
1765121805672,2,394,,,1765121805677,5
1765121805672,1,394,,,1765121805677,5
1765121805698,1,395,395,,,
1765121805698,2,395,395,,,
1765121805698,2,395,,,1765121805709,11
1765121805698,1,395,,,1765121805710,12
1765121805724,1,396,396,,,
1765121805724,2,396,396,,,
1765121805724,2,396,,,1765121805725,1
1765121805724,1,396,,,1765121805725,1
1765121805750,1,397,397,,,
1765121805750,2,397,397,,,
1765121805750,2,397,,,1765121805757,7
1765121805750,1,397,,,1765121805757,7
1765121805776,1,398,398,,,
1765121805776,2,398,398,,,
1765121805776,2,398,,,1765121805788,12
1765121805776,1,398,,,1765121805788,12
1765121805801,1,399,399,,,
1765121805801,2,399,399,,,
1765121805801,2,399,,,1765121805805,4
1765121805801,1,399,,,1765121805805,4
1765121805827,1,400,400,,,
1765121805827,2,400,400,,,
1765121805827,2,400,,,1765121805837,10
1765121805827,1,400,,,1765121805837,10
1765121805852,1,401,401,,,
1765121805852,2,401,401,,,
1765121805852,1,401,,,1765121805853,1
1765121805852,2,401,,,1765121805853,1
1765121805878,1,402,402,,,
1765121805878,2,402,402,,,
1765121805878,2,402,,,1765121805884,6
1765121805878,1,402,,,1765121805884,6
1765121805904,1,403,403,,,
1765121805904,2,403,403,,,
1765121805904,2,403,,,1765121805916,12
1765121805904,1,403,,,1765121805916,12
1765121805929,1,404,404,,,
1765121805929,2,404,404,,,
1765121805929,2,404,,,1765121805932,3
1765121805929,1,404,,,1765121805932,3
1765121805955,1,405,405,,,
1765121805955,2,405,405,,,
1765121805955,2,405,,,1765121805964,9
1765121805955,1,405,,,1765121805964,9
1765121805980,1,406,406,,,
1765121805980,2,406,406,,,
1765121805980,2,406,,,1765121805995,15
1765121805980,1,406,,,1765121805995,15
1765121806006,1,407,407,,,
1765121806006,2,407,407,,,
1765121806006,2,407,,,1765121806010,4
1765121806006,1,407,,,1765121806010,4
1765121806032,1,408,408,,,
1765121806032,2,408,408,,,
1765121806032,2,408,,,1765121806042,10
1765121806032,1,408,,,1765121806042,10
1765121806057,1,409,409,,,
1765121806057,2,409,409,,,
1765121806057,1,409,,,1765121806073,16
1765121806057,2,409,,,1765121806073,16
1765121806083,1,410,410,,,
1765121806083,2,410,410,,,
1765121806083,2,410,,,1765121806090,7
1765121806083,1,410,,,1765121806090,7
1765121806109,1,411,411,,,
1765121806109,2,411,411,,,
1765121806109,2,411,,,1765121806121,12
1765121806109,1,411,,,1765121806121,12
1765121806134,1,412,412,,,
1765121806134,2,412,412,,,
1765121806134,2,412,,,1765121806138,4
1765121806134,1,412,,,1765121806138,4
1765121806160,1,413,413,,,
1765121806160,2,413,413,,,
1765121806160,2,413,,,1765121806170,10
1765121806160,1,413,,,1765121806170,10
1765121806186,1,414,414,,,
1765121806186,2,414,414,,,
1765121806186,1,414,,,1765121806186,0
1765121806186,2,414,,,1765121806186,0
1765121806212,1,415,415,,,
1765121806212,2,415,415,,,
1765121806212,2,415,,,1765121806218,6
1765121806212,1,415,,,1765121806219,7
1765121806237,1,416,416,,,
1765121806237,2,416,416,,,
1765121806237,2,416,,,1765121806251,14
1765121806237,1,416,,,1765121806251,14
1765121806263,1,417,417,,,
1765121806263,2,417,417,,,
1765121806263,2,417,,,1765121806268,5
1765121806263,1,417,,,1765121806268,5
1765121806289,1,418,418,,,
1765121806289,2,418,418,,,
1765121806289,1,418,,,1765121806300,11
1765121806289,2,418,,,1765121806300,11
1765121806314,1,419,419,,,
1765121806314,2,419,419,,,
1765121806314,2,419,,,1765121806316,2
1765121806314,1,419,,,1765121806316,2
1765121806340,1,420,420,,,
1765121806340,2,420,420,,,
1765121806340,2,420,,,1765121806348,8
1765121806340,1,420,,,1765121806348,8
1765121806366,1,421,421,,,
1765121806366,2,421,421,,,
1765121806366,1,421,,,1765121806380,14
1765121806366,2,421,,,1765121806380,14
1765121806392,1,422,422,,,
1765121806392,2,422,422,,,
1765121806392,2,422,,,1765121806397,5
1765121806392,1,422,,,1765121806397,5
1765121806418,1,423,423,,,
1765121806418,2,423,423,,,
1765121806418,1,423,,,1765121806428,10
1765121806418,2,423,,,1765121806428,10
1765121806444,1,424,424,,,
1765121806444,2,424,424,,,
1765121806444,2,424,,,1765121806444,0
1765121806444,1,424,,,1765121806444,0
1765121806469,1,425,425,,,
1765121806469,2,425,425,,,
1765121806469,1,425,,,1765121806476,7
1765121806469,2,425,,,1765121806476,7
1765121806495,1,426,426,,,
1765121806495,2,426,426,,,
1765121806495,2,426,,,1765121806508,13
1765121806495,1,426,,,1765121806508,13
1765121806520,1,427,427,,,
1765121806520,2,427,427,,,
1765121806520,2,427,,,1765121806524,4
1765121806520,1,427,,,1765121806524,4
1765121806546,1,428,428,,,
1765121806546,2,428,428,,,
1765121806546,1,428,,,1765121806556,10
1765121806546,2,428,,,1765121806556,10
1765121806571,1,429,429,,,
1765121806571,2,429,429,,,
1765121806571,1,429,,,1765121806572,1
1765121806571,2,429,,,1765121806587,16
1765121806597,1,430,430,,,
1765121806597,2,430,430,,,
1765121806597,1,430,,,1765121806603,6
1765121806597,2,430,,,1765121806603,6
1765121806622,1,431,431,,,
1765121806622,2,431,431,,,
1765121806622,2,431,,,1765121806636,14
1765121806622,1,431,,,1765121806637,15
1765121806648,1,432,432,,,
1765121806648,2,432,432,,,
1765121806648,1,432,,,1765121806653,5
1765121806648,2,432,,,1765121806653,5
1765121806673,1,433,433,,,
1765121806673,2,433,433,,,
1765121806673,1,433,,,1765121806683,10
1765121806673,2,433,,,1765121806683,10
1765121806700,1,434,434,,,
1765121806700,2,434,434,,,
1765121806700,2,434,,,1765121806713,13
1765121806700,1,434,,,1765121806714,14
1765121806725,1,435,435,,,
1765121806725,2,435,435,,,
1765121806725,2,435,,,1765121806729,4
1765121806725,1,435,,,1765121806744,19
1765121806752,1,436,436,,,
1765121806752,2,436,436,,,
1765121806752,2,436,,,1765121806765,13
1765121806752,1,436,,,1765121806774,22
1765121806778,1,437,437,,,
1765121806778,2,437,437,,,
1765121806778,2,437,,,1765121806790,12
1765121806778,1,437,,,1765121806790,12
1765121806803,1,438,438,,,
1765121806803,2,438,438,,,
1765121806803,2,438,,,1765121806805,2
1765121806803,1,438,,,1765121806805,2
1765121806829,1,439,439,,,
1765121806829,2,439,439,,,
1765121806829,2,439,,,1765121806836,7
1765121806829,1,439,,,1765121806836,7
1765121806854,1,440,440,,,
1765121806854,2,440,440,,,
1765121806854,2,440,,,1765121806868,14
1765121806854,1,440,,,1765121806868,14
1765121806880,1,441,441,,,
1765121806880,2,441,441,,,
1765121806880,2,441,,,1765121806884,4
1765121806880,1,441,,,1765121806884,4
1765121806906,1,442,442,,,
1765121806906,2,442,442,,,
1765121806906,2,442,,,1765121806915,9
1765121806906,1,442,,,1765121806915,9
1765121806933,1,443,443,,,
1765121806933,2,443,443,,,
1765121806933,2,443,,,1765121806946,13
1765121806933,1,443,,,1765121806946,13
1765121806959,1,444,444,,,
1765121806959,2,444,444,,,
1765121806959,1,444,,,1765121806963,4
1765121806959,2,444,,,1765121806963,4
1765121806984,1,445,445,,,
1765121806984,2,445,445,,,
1765121806984,1,445,,,1765121806993,9
1765121806984,2,445,,,1765121806993,9
1765121807010,1,446,446,,,
1765121807010,2,446,446,,,
1765121807010,1,446,,,1765121807024,14
1765121807010,2,446,,,1765121807024,14
1765121807035,1,447,447,,,
1765121807035,2,447,447,,,
1765121807035,2,447,,,1765121807040,5
1765121807035,1,447,,,1765121807040,5
1765121807061,1,448,448,,,
1765121807061,2,448,448,,,
1765121807061,2,448,,,1765121807071,10
1765121807061,1,448,,,1765121807079,18
1765121807086,1,449,449,,,
1765121807086,2,449,449,,,
1765121807086,2,449,,,1765121807087,1
1765121807086,1,449,,,1765121807096,10
1765121807111,1,450,450,,,
1765121807111,2,450,450,,,
1765121807111,1,450,,,1765121807118,7
1765121807111,2,450,,,1765121807119,8
1765121807138,1,451,451,,,
1765121807138,2,451,451,,,
1765121807138,1,451,,,1765121807150,12
1765121807138,2,451,,,1765121807151,13
1765121807163,1,452,452,,,
1765121807163,2,452,452,,,
1765121807163,1,452,,,1765121807166,3
1765121807163,2,452,,,1765121807166,3
1765121807188,1,453,453,,,
1765121807188,2,453,453,,,
1765121807188,2,453,,,1765121807197,9
1765121807188,1,453,,,1765121807197,9
1765121807214,1,454,454,,,
1765121807214,2,454,454,,,
1765121807214,2,454,,,1765121807228,14
1765121807214,1,454,,,1765121807228,14
1765121807240,1,455,455,,,
1765121807240,2,455,455,,,
1765121807240,2,455,,,1765121807244,4
1765121807240,1,455,,,1765121807244,4
1765121807266,1,456,456,,,
1765121807266,2,456,456,,,
1765121807266,2,456,,,1765121807275,9
1765121807266,1,456,,,1765121807275,9
1765121807291,1,457,457,,,
1765121807291,2,457,457,,,
1765121807291,1,457,,,1765121807305,14
1765121807291,2,457,,,1765121807305,14
1765121807317,1,458,458,,,
1765121807317,2,458,458,,,
1765121807317,1,458,,,1765121807320,3
1765121807317,2,458,,,1765121807321,4
1765121807343,1,459,459,,,
1765121807343,2,459,459,,,
1765121807343,2,459,,,1765121807352,9
1765121807343,1,459,,,1765121807352,9
1765121807369,1,460,460,,,
1765121807369,2,460,460,,,
1765121807369,2,460,,,1765121807383,14
1765121807369,1,460,,,1765121807384,15
1765121807394,1,461,461,,,
1765121807394,2,461,461,,,
1765121807394,1,461,,,1765121807399,5
1765121807394,2,461,,,1765121807399,5
1765121807420,1,462,462,,,
1765121807420,2,462,462,,,
1765121807420,2,462,,,1765121807430,10
1765121807420,1,462,,,1765121807430,10
1765121807446,1,463,463,,,
1765121807446,2,463,463,,,
1765121807446,2,463,,,1765121807462,16
1765121807446,1,463,,,1765121807462,16
1765121807472,1,464,464,,,
1765121807472,2,464,464,,,
1765121807472,1,464,,,1765121807478,6
1765121807472,2,464,,,1765121807479,7
1765121807497,1,465,465,,,
1765121807497,2,465,465,,,
1765121807497,1,465,,,1765121807512,15
1765121807497,2,465,,,1765121807512,15
1765121807523,1,466,466,,,
1765121807523,2,466,466,,,
1765121807523,1,466,,,1765121807527,4
1765121807523,2,466,,,1765121807527,4
1765121807549,1,467,467,,,
1765121807549,2,467,467,,,
1765121807549,2,467,,,1765121807559,10
1765121807549,1,467,,,1765121807568,19
1765121807575,1,468,468,,,
1765121807575,2,468,468,,,
1765121807575,1,468,,,1765121807586,11
1765121807575,2,468,,,1765121807591,16
1765121807600,1,469,469,,,
1765121807600,2,469,469,,,
1765121807600,1,469,,,1765121807601,1
1765121807600,2,469,,,1765121807607,7
1765121807626,1,470,470,,,
1765121807626,2,470,470,,,
1765121807626,1,470,,,1765121807637,11
1765121807626,2,470,,,1765121807638,12
1765121807652,1,471,471,,,
1765121807652,2,471,471,,,
1765121807652,2,471,,,1765121807654,2
1765121807652,1,471,,,1765121807655,3
1765121807677,1,472,472,,,
1765121807677,2,472,472,,,
1765121807677,1,472,,,1765121807685,8
1765121807677,2,472,,,1765121807687,10
1765121807703,1,473,473,,,
1765121807703,2,473,473,,,
1765121807703,1,473,,,1765121807720,17
1765121807703,2,473,,,1765121807720,17
1765121807730,1,474,474,,,
1765121807730,2,474,474,,,
1765121807730,1,474,,,1765121807735,5
1765121807730,2,474,,,1765121807735,5
1765121807755,1,475,475,,,
1765121807755,2,475,475,,,
1765121807755,1,475,,,1765121807755,0
1765121807755,2,475,,,1765121807766,11
1765121807781,1,476,476,,,
1765121807781,2,476,476,,,
1765121807781,2,476,,,1765121807781,0
1765121807781,1,476,,,1765121807797,16
1765121807807,1,477,477,,,
1765121807807,2,477,477,,,
1765121807807,1,477,,,1765121807813,6
1765121807807,2,477,,,1765121807813,6
1765121807832,1,478,478,,,
1765121807832,2,478,478,,,
1765121807832,1,478,,,1765121807845,13
1765121807832,2,478,,,1765121807845,13
1765121807858,1,479,479,,,
1765121807858,2,479,479,,,
1765121807858,1,479,,,1765121807860,2
1765121807858,2,479,,,1765121807861,3
1765121807883,1,480,480,,,
1765121807883,2,480,480,,,
1765121807883,1,480,,,1765121807892,9
1765121807883,2,480,,,1765121807892,9
1765121807909,1,481,481,,,
1765121807909,2,481,481,,,
1765121807909,1,481,,,1765121807923,14
1765121807909,2,481,,,1765121807925,16
1765121807934,1,482,482,,,
1765121807934,2,482,482,,,
1765121807934,1,482,,,1765121807938,4
1765121807934,2,482,,,1765121807940,6
1765121807960,1,483,483,,,
1765121807960,2,483,483,,,
1765121807960,2,483,,,1765121807972,12
1765121807960,1,483,,,1765121807972,12
1765121807985,1,484,484,,,
1765121807985,2,484,484,,,
1765121807985,1,484,,,1765121807988,3
1765121807985,2,484,,,1765121808003,18
1765121808011,1,485,485,,,
1765121808011,2,485,485,,,
1765121808011,1,485,,,1765121808019,8
1765121808011,2,485,,,1765121808019,8
1765121808036,1,486,486,,,
1765121808036,2,486,486,,,
1765121808036,1,486,,,1765121808051,15
1765121808036,2,486,,,1765121808051,15
1765121808062,1,487,487,,,
1765121808062,2,487,487,,,
1765121808062,1,487,,,1765121808066,4
1765121808062,2,487,,,1765121808067,5
1765121808088,1,488,488,,,
1765121808088,2,488,488,,,
1765121808088,1,488,,,1765121808098,10
1765121808088,2,488,,,1765121808099,11
1765121808113,1,489,489,,,
1765121808113,2,489,489,,,
1765121808113,2,489,,,1765121808115,2
1765121808113,1,489,,,1765121808115,2
1765121808140,1,490,490,,,
1765121808140,2,490,490,,,
1765121808140,2,490,,,1765121808145,5
1765121808140,1,490,,,1765121808151,11
1765121808166,1,491,491,,,
1765121808166,2,491,491,,,
1765121808166,1,491,,,1765121808166,0
1765121808166,2,491,,,1765121808177,11
1765121808192,1,492,492,,,
1765121808192,2,492,492,,,
1765121808192,2,492,,,1765121808193,1
1765121808192,1,492,,,1765121808198,6
1765121808218,1,493,493,,,
1765121808218,2,493,493,,,
1765121808218,1,493,,,1765121808220,2
1765121808218,2,493,,,1765121808224,6
1765121808244,1,494,494,,,
1765121808244,2,494,494,,,
1765121808244,1,494,,,1765121808255,11
1765121808270,1,495,495,,,
1765121808270,2,495,495,,,
1765121808244,2,494,,,1765121808270,26
1765121808270,1,495,,,1765121808286,16
1765121808270,2,495,,,1765121808286,16
1765121808296,1,496,496,,,
1765121808296,2,496,496,,,
1765121808296,1,496,,,1765121808301,5
1765121808296,2,496,,,1765121808302,6
1765121808322,1,497,497,,,
1765121808322,2,497,497,,,
1765121808322,2,497,,,1765121808333,11
1765121808348,1,498,498,,,
1765121808348,2,498,498,,,
1765121808322,1,497,,,1765121808348,26
1765121808348,1,498,,,1765121808349,1
1765121808348,2,498,,,1765121808366,18
1765121808374,1,499,499,,,
1765121808374,2,499,499,,,
1765121808374,1,499,,,1765121808381,7
1765121808374,2,499,,,1765121808396,22
1765121808400,1,500,500,,,
1765121808400,2,500,500,,,
1765121808400,1,500,,,1765121808402,2
1765121808400,2,500,,,1765121808413,13
1765121808426,1,501,501,,,
1765121808426,2,501,501,,,
1765121808426,2,501,,,1765121808429,3
1765121808426,1,501,,,1765121808443,17
1765121808452,1,502,502,,,
1765121808452,2,502,502,,,
1765121808452,1,502,,,1765121808459,7
1765121808452,2,502,,,1765121808460,8
1765121808478,1,503,503,,,
1765121808478,2,503,503,,,
1765121808478,1,503,,,1765121808491,13
1765121808504,1,504,504,,,
1765121808504,2,504,504,,,
1765121808504,1,504,,,1765121808506,2
1765121808478,2,503,,,1765121808506,28
1765121808504,2,504,,,1765121808507,3
1765121808530,1,505,505,,,
1765121808530,2,505,505,,,
1765121808530,1,505,,,1765121808538,8
1765121808530,2,505,,,1765121808538,8
1765121808555,1,506,506,,,
1765121808555,2,506,506,,,
1765121808555,2,506,,,1765121808570,15
1765121808555,1,506,,,1765121808571,16
1765121808581,1,507,507,,,
1765121808581,2,507,507,,,
1765121808581,2,507,,,1765121808586,5
1765121808581,1,507,,,1765121808586,5
1765121808607,1,508,508,,,
1765121808607,2,508,508,,,
1765121808607,2,508,,,1765121808618,11
1765121808607,1,508,,,1765121808619,12
1765121808632,1,509,509,,,
1765121808632,2,509,509,,,
1765121808632,2,509,,,1765121808634,2
1765121808632,1,509,,,1765121808634,2
1765121808658,1,510,510,,,
1765121808658,2,510,510,,,
1765121808658,2,510,,,1765121808666,8
1765121808658,1,510,,,1765121808666,8
1765121808684,1,511,511,,,
1765121808684,2,511,511,,,
1765121808711,1,512,512,,,
1765121808684,2,511,,,1765121808711,27
1765121808684,1,511,,,1765121808711,27
1765121808711,2,512,512,,,
1765121808711,1,512,,,1765121808712,1
1765121808711,2,512,,,1765121808727,16
1765121808738,1,513,513,,,
1765121808738,2,513,513,,,
1765121808738,1,513,,,1765121808743,5
1765121808738,2,513,,,1765121808744,6
1765121808764,1,514,514,,,
1765121808764,2,514,514,,,
1765121808764,2,514,,,1765121808775,11
1765121808764,1,514,,,1765121808775,11
1765121808790,1,515,515,,,
1765121808790,2,515,515,,,
1765121808790,1,515,,,1765121808791,1
1765121808790,2,515,,,1765121808791,1
1765121808816,1,516,516,,,
1765121808816,2,516,516,,,
1765121808816,2,516,,,1765121808822,6
1765121808816,1,516,,,1765121808823,7
1765121808841,1,517,517,,,
1765121808841,2,517,517,,,
1765121808841,2,517,,,1765121808855,14
1765121808841,1,517,,,1765121808855,14
1765121808867,1,518,518,,,
1765121808867,2,518,518,,,
1765121808867,1,518,,,1765121808870,3
1765121808867,2,518,,,1765121808870,3
1765121808892,1,519,519,,,
1765121808892,2,519,519,,,
1765121808892,1,519,,,1765121808903,11
1765121808918,1,520,520,,,
1765121808918,2,520,520,,,
1765121808918,1,520,,,1765121808919,1
1765121808892,2,519,,,1765121808919,27
1765121808918,2,520,,,1765121808919,1
1765121808944,1,521,521,,,
1765121808944,2,521,521,,,
1765121808944,1,521,,,1765121808950,6
1765121808944,2,521,,,1765121808965,21
1765121808970,1,522,522,,,
1765121808970,2,522,522,,,
1765121808970,1,522,,,1765121808981,11
1765121808970,2,522,,,1765121808981,11
1765121808996,1,523,523,,,
1765121808996,2,523,523,,,
1765121808996,2,523,,,1765121808996,0
1765121808996,1,523,,,1765121808997,1
1765121809022,1,524,524,,,
1765121809022,2,524,524,,,
1765121809022,1,524,,,1765121809029,7
1765121809022,2,524,,,1765121809029,7
1765121809048,1,525,525,,,
1765121809048,2,525,525,,,
1765121809048,1,525,,,1765121809060,12
1765121809048,2,525,,,1765121809060,12
1765121809074,1,526,526,,,
1765121809074,2,526,526,,,
1765121809074,2,526,,,1765121809076,2
1765121809074,1,526,,,1765121809077,3
